"id","run_date","district_id","district_name","catch_daily","catch_cumulative","escapement_daily","escapement_cumulative","in_river_estimate","total_run","created_at"
"40","06-20-2023","ugashik","Ugashik","14124","17926","0","0","0","17926",""
"41","06-20-2023","egegik","Egegik","0","107696","13644","15066","0","122762",""
"42","06-20-2023","naknek","Naknek-Kvichak","6822","8390","0","0","0","8390",""
"43","06-20-2023","nushagak","Nushagak","4723","11080","2548","28264","0","39344",""
"44","06-20-2023","togiak","Togiak","479","767","0","0","0","767",""
"45","06-21-2023","ugashik","Ugashik","19371","37297","0","0","0","37297",""
"46","06-21-2023","egegik","Egegik","135187","242883","29382","44448","50000","337331",""
"47","06-21-2023","naknek","Naknek-Kvichak","2261","10651","210","210","0","10861",""
"48","06-21-2023","nushagak","Nushagak","2755","13835","14648","42912","0","56747",""
"49","06-21-2023","togiak","Togiak","904","1671","0","0","0","1671",""
"50","06-22-2023","ugashik","Ugashik","23425","60722","0","0","0","60722",""
"51","06-22-2023","egegik","Egegik","345514","588397","12054","56502","25000","669899",""
"52","06-22-2023","naknek","Naknek-Kvichak","1745","12396","78","288","0","12684",""
"53","06-22-2023","nushagak","Nushagak","3378","17213","187212","230124","0","247337",""
"54","06-22-2023","togiak","Togiak","340","2011","0","0","0","2011",""
"55","06-23-2023","ugashik","Ugashik","2796","63518","0","0","0","63518",""
"56","06-23-2023","egegik","Egegik","139580","727977","6924","63426","20000","811403",""
"57","06-23-2023","naknek","Naknek-Kvichak","90","12486","72","360","0","12846",""
"58","06-23-2023","nushagak","Nushagak","12810","30023","160571","390695","0","420718",""
"59","06-23-2023","togiak","Togiak","231","2242","0","0","0","2242",""
"60","06-24-2023","ugashik","Ugashik","0","63518","0","0","0","63518",""
"61","06-24-2023","egegik","Egegik","0","727977","9126","72552","15000","815529",""
"62","06-24-2023","naknek","Naknek-Kvichak","13821","26307","132","492","0","26799",""
"63","06-24-2023","nushagak","Nushagak","23420","53443","149822","540517","0","593960",""
"64","06-24-2023","togiak","Togiak","0","2242","0","0","0","2242",""
"65","06-25-2023","ugashik","Ugashik","0","63518","0","0","0","63518",""
"66","06-25-2023","egegik","Egegik","2846","730823","1788","74340","5000","810163",""
"67","06-25-2023","naknek","Naknek-Kvichak","0","26307","96","588","0","26895",""
"68","06-25-2023","nushagak","Nushagak","349716","403159","608144","1148661","0","1551820",""
"69","06-25-2023","togiak","Togiak","0","2242","0","0","0","2242",""
"70","06-26-2023","ugashik","Ugashik","0","63518","0","0","0","63518",""
"71","06-26-2023","egegik","Egegik","58238","789061","1932","76272","2500","867833",""
"72","06-26-2023","naknek","Naknek-Kvichak","0","26307","33522","34110","30000","90417",""
"73","06-26-2023","nushagak","Nushagak","537962","941121","681914","1830575","0","2771696",""
"74","06-26-2023","togiak","Togiak","1108","3350","0","0","0","3350",""
"75","06-27-2023","ugashik","Ugashik","15202","78720","0","0","0","78720",""
"76","06-27-2023","egegik","Egegik","91029","880090","1074","77346","5000","962436",""
"77","06-27-2023","naknek","Naknek-Kvichak","173622","199929","42768","76878","35000","311807",""
"78","06-27-2023","nushagak","Nushagak","685364","1626485","462518","2293093","0","3919578",""
"79","06-27-2023","togiak","Togiak","2759","6109","0","0","0","6109",""
"80","06-28-2023","ugashik","Ugashik","0","78720","126","126","0","78846",""
"81","06-28-2023","egegik","Egegik","0","880090","16890","94236","15000","989326",""
"82","06-28-2023","naknek","Naknek-Kvichak","0","199929","18966","95844","25000","320773",""
"83","06-28-2023","nushagak","Nushagak","607417","2233902","231327","2524420","0","4758322",""
"84","06-28-2023","togiak","Togiak","1198","7307","0","0","0","7307",""
"85","06-29-2023","ugashik","Ugashik","0","78720","432","558","0","79278",""
"86","06-29-2023","egegik","Egegik","130223","1010313","13998","108234","5000","1123547",""
"87","06-29-2023","naknek","Naknek-Kvichak","162879","362808","44460","140304","10000","513112",""
"88","06-29-2023","nushagak","Nushagak","553575","2787477","156982","2681402","0","5468879",""
"89","06-29-2023","togiak","Togiak","407","7714","0","0","0","7714",""
"90","06-30-2023","ugashik","Ugashik","29848","108568","1206","1764","1500","111832",""
"91","06-30-2023","egegik","Egegik","613679","1623992","10404","118638","40000","1782630",""
"92","06-30-2023","naknek","Naknek-Kvichak","282050","644858","19578","159882","10000","814740",""
"93","06-30-2023","nushagak","Nushagak","658396","3445873","112565","2793967","0","6239840",""
"94","06-30-2023","togiak","Togiak","3759","11473","0","0","0","11473",""
"95","07-01-2023","ugashik","Ugashik","0","108568","504","2268","1500","112336",""
"96","07-01-2023","egegik","Egegik","1252005","2875997","132996","251634","225000","3352631",""
"97","07-01-2023","naknek","Naknek-Kvichak","184454","829312","46134","206016","30000","1065328",""
"98","07-01-2023","nushagak","Nushagak","1021018","4466891","81425","2875392","0","7342283",""
"99","07-01-2023","togiak","Togiak","4682","16155","0","0","0","16155",""
"100","07-02-2023","ugashik","Ugashik","0","108568","546","2814","0","111382",""
"101","07-02-2023","egegik","Egegik","757415","3633412","213396","465030","200000","4298442",""
"102","07-02-2023","naknek","Naknek-Kvichak","542815","1372127","22572","228588","20000","1620715",""
"103","07-02-2023","nushagak","Nushagak","971286","5438177","106134","2981526","0","8419703",""
"104","07-02-2023","togiak","Togiak","0","16155","0","0","0","16155",""
"105","07-03-2023","ugashik","Ugashik","72560","181128","684","3498","6000","190626",""
"106","07-03-2023","egegik","Egegik","851765","4485177","137646","602676","250000","5337853",""
"107","07-03-2023","naknek","Naknek-Kvichak","1464577","2836704","88422","317010","100000","3253714",""
"108","07-03-2023","nushagak","Nushagak","520724","5958901","113342","3094868","0","9053769",""
"109","07-03-2023","togiak","Togiak","5162","21317","0","0","0","21317",""
"110","07-04-2023","ugashik","Ugashik","0","181128","852","4350","0","185478",""
"111","07-04-2023","egegik","Egegik","479203","4964380","51234","653910","0","5618290",""
"112","07-04-2023","naknek","Naknek-Kvichak","388164","3224868","201114","518124","330000","4072992",""
"113","07-04-2023","nushagak","Nushagak","525547","6484448","127845","3222713","0","9707161",""
"114","07-04-2023","togiak","Togiak","5090","26407","0","0","0","26407",""
"115","07-05-2023","ugashik","Ugashik","98359","279487","102","4452","8000","291939",""
"116","07-05-2023","egegik","Egegik","485769","5450149","40566","694476","150000","6294625",""
"117","07-05-2023","naknek","Naknek-Kvichak","955191","4180059","117462","635586","450000","5265645",""
"118","07-05-2023","nushagak","Nushagak","749627","7234075","179371","3402084","0","10636159",""
"119","07-05-2023","togiak","Togiak","5056","31463","0","0","0","31463",""
"120","07-06-2023","ugashik","Ugashik","0","279487","624","5076","50000","334563",""
"121","07-06-2023","egegik","Egegik","837940","6288089","17598","712074","200000","7200163",""
"122","07-06-2023","naknek","Naknek-Kvichak","331354","4511413","515724","1151310","700000","6362723",""
"123","07-06-2023","nushagak","Nushagak","467252","7701327","151239","3553323","0","11254650",""
"124","07-06-2023","togiak","Togiak","7418","38881","9360","9360","0","48241",""
"125","07-07-2023","ugashik","Ugashik","179396","458883","10932","16008","120000","594891",""
"126","07-07-2023","egegik","Egegik","408172","6696261","55014","767088","100000","7563349",""
"127","07-07-2023","naknek","Naknek-Kvichak","93457","4604870","610530","1761840","450000","6816710",""
"128","07-07-2023","nushagak","Nushagak","128638","7829965","93549","3646872","0","11476837",""
"129","07-07-2023","togiak","Togiak","8422","47303","6906","16266","0","63569",""
"130","07-08-2023","ugashik","Ugashik","164746","623629","28614","44622","80000","748251",""
"131","07-08-2023","egegik","Egegik","112515","6808776","17766","784854","50000","7643630",""
"132","07-08-2023","naknek","Naknek-Kvichak","158492","4763362","445698","2207538","450000","7420900",""
"133","07-08-2023","nushagak","Nushagak","64384","7894349","66333","3713205","0","11607554",""
"134","07-08-2023","togiak","Togiak","5529","52832","6012","22278","0","75110",""
"135","07-09-2023","ugashik","Ugashik","117631","741260","20826","65448","80000","886708",""
"136","07-09-2023","egegik","Egegik","203873","7012649","16266","801120","25000","7838769",""
"137","07-09-2023","naknek","Naknek-Kvichak","572265","5335627","314052","2521590","150000","8007217",""
"138","07-09-2023","nushagak","Nushagak","485997","8380346","53925","3767130","0","12147476",""
"139","07-09-2023","togiak","Togiak","0","52832","4944","27222","0","80054",""
"140","07-10-2023","ugashik","Ugashik","0","741260","28856","94304","100000","935564",""
"141","07-10-2023","egegik","Egegik","241620","7254269","3714","804834","10000","8069103",""
"142","07-10-2023","naknek","Naknek-Kvichak","767692","6103319","162030","2683620","200000","8986939",""
"143","07-10-2023","nushagak","Nushagak","800911","9181257","124245","3891375","0","13072632",""
"144","07-10-2023","togiak","Togiak","10507","63339","3708","30930","0","94269",""
"145","07-11-2023","ugashik","Ugashik","0","741260","53718","148022","150000","1039282",""
"146","07-11-2023","egegik","Egegik","230380","7484649","15612","820446","0","8305095",""
"147","07-11-2023","naknek","Naknek-Kvichak","225720","6329039","208908","2892528","500000","9721567",""
"148","07-11-2023","nushagak","Nushagak","253918","9435175","286229","4177604","0","13612779",""
"149","07-11-2023","togiak","Togiak","12920","76259","2196","33126","0","109385",""
"150","07-13-2023","ugashik","Ugashik","206845","948105","82482","340922","200000","1489027",""
"151","07-13-2023","egegik","Egegik","684655","8385914","50298","923598","0","9309512",""
"152","07-13-2023","naknek","Naknek-Kvichak","1200612","7683589","978612","4414824","400000","12498413",""
"153","07-13-2023","nushagak","Nushagak","410252","9945067","75699","4433162","0","14378229",""
"154","07-13-2023","togiak","Togiak","11923","100079","7710","45654","0","145733",""
"155","07-14-2023","ugashik","Ugashik","128927","1077032","100140","441062","225000","1743094",""
"156","07-14-2023","egegik","Egegik","576917","8962831","158196","1081794","0","10044625",""
"157","07-14-2023","naknek","Naknek-Kvichak","1584868","9268457","380844","4795668","150000","14214125",""
"158","07-14-2023","nushagak","Nushagak","678542","10623609","55722","4488884","0","15112493",""
"159","07-14-2023","togiak","Togiak","19280","119359","10026","55680","0","175039",""
"160","07-15-2023","ugashik","Ugashik","242941","1319973","106956","548018","250000","2117991",""
"161","07-15-2023","egegik","Egegik","464016","9426847","165462","1247256","0","10674103",""
"162","07-15-2023","naknek","Naknek-Kvichak","981414","10249871","180180","4975848","100000","15325719",""
"163","07-15-2023","nushagak","Nushagak","377037","11000646","80678","4569562","0","15570208",""
"164","07-15-2023","togiak","Togiak","15755","135114","7404","63084","0","198198",""
"165","07-16-2023","ugashik","Ugashik","258923","1578896","85770","633788","0","2212684",""
"166","07-16-2023","egegik","Egegik","431844","9858691","130056","1377312","0","11236003",""
"167","07-16-2023","naknek","Naknek-Kvichak","494747","10744618","252198","5228046","450000","16422664",""
"168","07-16-2023","nushagak","Nushagak","230582","11231228","72317","4641879","0","15873107",""
"169","07-16-2023","togiak","Togiak","12976","148090","7818","70902","0","218992",""
"170","07-17-2023","ugashik","Ugashik","223148","1802044","94878","728666","0","2530710",""
"171","07-17-2023","egegik","Egegik","313571","10172262","76464","1453776","0","11626038",""
"172","07-17-2023","naknek","Naknek-Kvichak","343289","11087907","272634","5500680","300000","16888587",""
"173","07-17-2023","nushagak","Nushagak","139190","11370418","67155","4709034","0","16079452",""
"174","07-17-2023","togiak","Togiak","21469","169559","5700","76602","0","246161",""
"175","07-18-2023","ugashik","Ugashik","148019","1950063","131406","860072","0","2810135",""
"176","07-18-2023","egegik","Egegik","254317","10426579","29232","1483008","0","11909587",""
"177","07-18-2023","naknek","Naknek-Kvichak","218964","11306871","161436","5662116","0","16968987",""
"178","07-18-2023","nushagak","Nushagak","74366","11444784","49390","4758424","0","16203208",""
"179","07-18-2023","togiak","Togiak","25718","195277","6840","83442","0","278719",""
"180","07-19-2023","ugashik","Ugashik","81400","2031463","140634","1000706","0","3032169",""
"181","07-19-2023","egegik","Egegik","283693","10710272","19224","1502232","0","12212504",""
"182","07-19-2023","naknek","Naknek-Kvichak","446024","11752895","69804","5731920","0","17484815",""
"183","07-19-2023","nushagak","Nushagak","99099","11543883","41960","4800384","0","16344267",""
"184","07-19-2023","togiak","Togiak","22495","217772","12600","96042","0","313814",""
"185","07-20-2023","ugashik","Ugashik","67298","2098761","70338","1071044","0","3169805",""
"186","07-20-2023","egegik","Egegik","203215","10913487","20412","1522644","0","12436131",""
"187","07-20-2023","naknek","Naknek-Kvichak","350518","12103413","54324","5786244","0","17889657",""
"188","07-20-2023","nushagak","Nushagak","94229","11638112","26181","4826565","0","16464677",""
"189","07-20-2023","togiak","Togiak","10748","228520","13452","109494","0","338014",""
"190","06-17-2024","ugashik","Ugashik","1212","1212","0","0","0","1212",""
"191","06-17-2024","egegik","Egegik","5111","6150","48","48","0","6198",""
"192","06-17-2024","togiak","Togiak","0","0","0","0","0","0",""
"193","06-18-2024","ugashik","Ugashik","2186","3398","0","0","0","3398",""
"194","06-18-2024","egegik","Egegik","0","6150","0","48","0","6198",""
"195","06-18-2024","naknek","Naknek-Kvichak","325","413","0","0","0","413",""
"196","06-19-2024","ugashik","Ugashik","4462","7860","0","0","0","7860",""
"197","06-19-2024","egegik","Egegik","15791","21941","48","96","0","22037",""
"198","06-19-2024","naknek","Naknek-Kvichak","581","994","0","0","0","994",""
"199","06-20-2024","ugashik","Ugashik","10722","18582","0","0","0","18582",""
"200","06-20-2024","egegik","Egegik","0","21941","2658","2754","0","24695",""
"201","06-20-2024","naknek","Naknek-Kvichak","611","1605","0","0","0","1605",""
"202","06-21-2024","ugashik","Ugashik","3456","22038","0","0","0","22038",""
"203","06-21-2024","egegik","Egegik","62142","84083","1116","3870","0","87953",""
"204","06-21-2024","naknek","Naknek-Kvichak","211","1816","48","48","0","1864",""
"205","06-22-2024","ugashik","Ugashik","0","22038","0","0","0","22038",""
"206","06-22-2024","egegik","Egegik","0","84083","480","4350","0","88433",""
"207","06-22-2024","naknek","Naknek-Kvichak","0","1816","294","342","0","2158",""
"208","06-23-2024","ugashik","Ugashik","24576","46614","0","0","0","46614",""
"209","06-23-2024","egegik","Egegik","97020","181103","522","4872","0","185975",""
"210","06-23-2024","naknek","Naknek-Kvichak","0","1816","210","552","0","2368",""
"211","06-24-2024","ugashik","Ugashik","0","46614","0","0","0","46614",""
"212","06-24-2024","egegik","Egegik","63849","244952","30","4902","0","249854",""
"213","06-24-2024","naknek","Naknek-Kvichak","0","1816","246","798","0","2614",""
"214","06-24-2024","togiak","Togiak","1598","2057","0","0","0","2057",""
"215","06-25-2024","ugashik","Ugashik","66199","112813","0","0","0","112813",""
"216","06-25-2024","egegik","Egegik","82220","327172","6942","11844","0","339016",""
"217","06-25-2024","naknek","Naknek-Kvichak","26593","28409","3738","4536","0","32945",""
"218","06-25-2024","togiak","Togiak","1024","3081","0","0","0","3081",""
"219","06-26-2024","ugashik","Ugashik","0","112813","0","0","0","112813",""
"220","06-26-2024","egegik","Egegik","0","327172","246","12090","0","339262",""
"221","06-26-2024","naknek","Naknek-Kvichak","0","28409","210","4746","0","33155",""
"222","06-26-2024","nushagak","Nushagak","247676","271660","557172","850045","0","1121705",""
"223","06-26-2024","togiak","Togiak","57","3138","0","0","0","3138",""
"224","06-27-2024","ugashik","Ugashik","95795","208608","3462","3462","0","212070",""
"225","06-27-2024","egegik","Egegik","170359","497531","79578","91668","0","589199",""
"226","06-27-2024","naknek","Naknek-Kvichak","49859","78268","1800","6546","0","84814",""
"227","06-27-2024","nushagak","Nushagak","364784","636444","729879","1579924","0","2216368",""
"228","06-27-2024","togiak","Togiak","1487","4625","0","0","0","4625",""
"229","06-28-2024","ugashik","Ugashik","0","208608","7188","10650","0","219258",""
"230","06-28-2024","egegik","Egegik","71815","569346","96390","188058","0","757404",""
"231","06-28-2024","naknek","Naknek-Kvichak","38578","116846","2430","8976","0","125822",""
"232","06-28-2024","nushagak","Nushagak","415561","1052005","705791","2285715","0","3337720",""
"233","06-28-2024","togiak","Togiak","673","5298","0","0","0","5298",""
"234","06-29-2024","ugashik","Ugashik","106372","314980","9318","19968","0","334948",""
"235","06-29-2024","egegik","Egegik","0","569346","19902","207960","40000","817306",""
"236","06-29-2024","naknek","Naknek-Kvichak","10581","127427","4740","13716","200000","341143",""
"237","06-29-2024","nushagak","Nushagak","676494","1728499","542719","2828434","0","4556933",""
"238","06-29-2024","togiak","Togiak","0","5298","0","0","0","5298",""
"239","06-30-2024","ugashik","Ugashik","0","314980","12084","32052","40000","387032",""
"240","06-30-2024","egegik","Egegik","121242","690588","53400","261360","30000","981948",""
"241","06-30-2024","naknek","Naknek-Kvichak","89374","216801","23598","37314","200000","454115",""
"242","06-30-2024","nushagak","Nushagak","731323","2459822","273765","3102199","0","5562021",""
"243","06-30-2024","togiak","Togiak","0","5298","0","0","0","5298",""
"244","07-01-2024","ugashik","Ugashik","92362","407342","8304","40356","30000","477698",""
"245","07-01-2024","egegik","Egegik","108642","799230","12480","273840","15000","1088070",""
"246","07-01-2024","naknek","Naknek-Kvichak","131352","348153","93990","131304","150000","629457",""
"247","07-01-2024","nushagak","Nushagak","442069","2901891","259055","3361254","0","6263145",""
"248","07-01-2024","togiak","Togiak","5155","10453","0","0","0","10453",""
"249","07-02-2024","ugashik","Ugashik","0","407342","18132","58488","40000","505830",""
"250","07-02-2024","egegik","Egegik","234020","1033250","9222","283062","30000","1346312",""
"251","07-02-2024","naknek","Naknek-Kvichak","114834","462987","118038","249342","180000","892329",""
"252","07-02-2024","nushagak","Nushagak","504524","3406415","355162","3716416","0","7122831",""
"253","07-02-2024","togiak","Togiak","4864","15317","0","0","0","15317",""
"254","07-03-2024","ugashik","Ugashik","247824","655166","26994","85482","60000","800648",""
"255","07-03-2024","egegik","Egegik","392812","1426062","50040","333102","100000","1859164",""
"256","07-03-2024","naknek","Naknek-Kvichak","403500","866487","93888","343230","250000","1459717",""
"257","07-03-2024","nushagak","Nushagak","574418","3980833","229257","3945673","0","7926506",""
"258","07-03-2024","togiak","Togiak","6692","22009","0","0","0","22009",""
"259","07-04-2024","ugashik","Ugashik","218266","873432","32970","118452","170000","1161884",""
"260","07-04-2024","egegik","Egegik","460061","1886123","144024","477126","100000","2463249",""
"261","07-04-2024","naknek","Naknek-Kvichak","397365","1263852","250374","593604","330000","2187456",""
"262","07-04-2024","nushagak","Nushagak","1539437","5520270","177535","4123208","0","9643478",""
"263","07-04-2024","togiak","Togiak","3915","25924","0","0","0","25924",""
"264","07-05-2024","ugashik","Ugashik","315700","1189132","52272","170724","200000","1559856",""
"265","07-05-2024","egegik","Egegik","398016","2284139","167742","644868","150000","3079007",""
"266","07-05-2024","naknek","Naknek-Kvichak","698547","1962399","558840","1152444","1400000","4514843",""
"267","07-05-2024","nushagak","Nushagak","1006859","6527129","349180","4472388","0","10999517",""
"268","07-05-2024","togiak","Togiak","7420","33344","828","828","0","34172",""
"269","07-06-2024","ugashik","Ugashik","250590","1439722","23586","194310","300000","1934032",""
"270","07-06-2024","egegik","Egegik","341240","2625379","135582","780450","150000","3555829",""
"271","07-06-2024","naknek","Naknek-Kvichak","590602","2553001","842508","1994952","1200000","5747953",""
"272","07-06-2024","nushagak","Nushagak","744739","7271868","322251","4794639","0","12066507",""
"273","07-06-2024","togiak","Togiak","8249","41593","4974","5802","0","47395",""
"274","07-07-2024","ugashik","Ugashik","296494","1736216","78660","272970","450000","2459186",""
"275","07-07-2024","egegik","Egegik","317608","2942987","102816","883266","150000","3976253",""
"276","07-07-2024","naknek","Naknek-Kvichak","318466","2871467","976932","2971884","1300000","7143351",""
"277","07-07-2024","nushagak","Nushagak","563626","7835494","292635","5087274","0","12922768",""
"278","07-07-2024","togiak","Togiak","7414","49007","5172","10974","0","59981",""
"279","07-08-2024","ugashik","Ugashik","276177","2012393","189144","462114","550000","3024507",""
"280","07-08-2024","egegik","Egegik","229131","3172118","66204","949470","75000","4196588",""
"281","07-08-2024","naknek","Naknek-Kvichak","153225","3024692","1137774","4109658","1000000","8134350",""
"282","07-08-2024","nushagak","Nushagak","245019","8080513","208042","5295316","0","13375829",""
"283","07-08-2024","togiak","Togiak","12268","61275","4656","15630","0","76905",""
"284","07-09-2024","ugashik","Ugashik","241680","2254073","205542","667656","550000","3471729",""
"285","07-09-2024","egegik","Egegik","156166","3328284","24888","974358","30000","4332642",""
"286","07-09-2024","naknek","Naknek-Kvichak","495196","3519888","1053444","5163102","1200000","9882990",""
"287","07-09-2024","nushagak","Nushagak","251578","8332091","161949","5457265","0","13789356",""
"288","07-09-2024","togiak","Togiak","9596","70871","7914","23544","0","94415",""
"289","07-10-2024","ugashik","Ugashik","196785","2450858","107928","775584","400000","3626442",""
"290","07-10-2024","egegik","Egegik","197704","3525988","9594","983952","0","4509940",""
"291","07-10-2024","naknek","Naknek-Kvichak","1163866","4683754","694254","5857356","500000","11041110",""
"292","07-10-2024","nushagak","Nushagak","844118","9176209","91840","5549105","0","14725314",""
"293","07-10-2024","togiak","Togiak","8041","78912","15516","39060","0","117972",""
"294","07-11-2024","ugashik","Ugashik","212404","2663262","104460","880044","250000","3793306",""
"295","07-11-2024","egegik","Egegik","205600","3731588","5148","989100","0","4720688",""
"296","07-11-2024","naknek","Naknek-Kvichak","329598","5013352","317658","6175014","400000","11588366",""
"297","07-11-2024","nushagak","Nushagak","314957","9491166","93430","5642535","0","15133701",""
"298","07-11-2024","togiak","Togiak","12390","91302","8052","47112","0","138414",""
"299","07-12-2024","ugashik","Ugashik","171790","2835052","97422","977466","300000","4112518",""
"300","07-12-2024","egegik","Egegik","143343","3874931","16224","1005324","0","4880255",""
"301","07-12-2024","naknek","Naknek-Kvichak","1103641","6116993","210822","6385836","550000","13052829",""
"302","07-12-2024","nushagak","Nushagak","473641","9964807","122687","5765222","0","15730029",""
"303","07-12-2024","togiak","Togiak","5008","96310","5634","52746","0","149056",""
"304","07-13-2024","ugashik","Ugashik","177436","3012488","86856","1064322","250000","4326810",""
"305","07-13-2024","egegik","Egegik","132436","4007367","15066","1020390","0","5027757",""
"306","07-13-2024","naknek","Naknek-Kvichak","421810","6538803","234540","6620376","1500000","14659179",""
"307","07-13-2024","nushagak","Nushagak","280598","10245405","151836","5917058","0","16162463",""
"308","07-13-2024","togiak","Togiak","14252","110562","4416","57162","0","167724",""
"309","07-14-2024","ugashik","Ugashik","141840","3154328","100266","1164588","250000","4568916",""
"310","07-14-2024","egegik","Egegik","99352","4106719","13266","1033656","0","5140375",""
"311","07-14-2024","naknek","Naknek-Kvichak","0","6538803","277914","6898290","1800000","15237093",""
"312","07-14-2024","nushagak","Nushagak","383730","10629135","180982","6098040","0","16727175",""
"313","07-14-2024","togiak","Togiak","10220","120782","4380","61542","0","182324",""
"314","07-15-2024","ugashik","Ugashik","203927","3358255","94140","1258728","350000","4966983",""
"315","07-15-2024","egegik","Egegik","190319","4297038","16422","1050078","0","5347116",""
"316","07-15-2024","naknek","Naknek-Kvichak","25465","6564268","582270","7480560","700000","14744828",""
"317","07-15-2024","nushagak","Nushagak","325502","10954637","162617","6260657","0","17215294",""
"318","07-15-2024","togiak","Togiak","23906","144688","4488","66030","0","210718",""
"319","07-16-2024","ugashik","Ugashik","207824","3566079","107442","1366170","350000","5282249",""
"320","07-16-2024","egegik","Egegik","138160","4435198","23430","1073508","0","5508706",""
"321","07-16-2024","naknek","Naknek-Kvichak","592725","7156993","696612","8177172","1100000","16434165",""
"322","07-16-2024","nushagak","Nushagak","257483","11212120","138681","6399338","0","17611458",""
"323","07-16-2024","togiak","Togiak","29885","174573","10662","76692","0","251265",""
"324","07-17-2024","ugashik","Ugashik","140219","3706298","128484","1494654","0","5200952",""
"325","07-17-2024","egegik","Egegik","135279","4570477","18108","1091616","0","5662093",""
"326","07-17-2024","naknek","Naknek-Kvichak","525567","7682560","810822","8987994","0","16670554",""
"327","07-17-2024","nushagak","Nushagak","191855","11403975","103732","6503070","0","17907045",""
"328","07-17-2024","togiak","Togiak","29494","204067","17430","94122","0","298189",""
"329","07-18-2024","ugashik","Ugashik","129344","3835642","74406","1569060","0","5404702",""
"330","07-18-2024","egegik","Egegik","82210","4652687","13134","1104750","0","5757437",""
"331","07-18-2024","naknek","Naknek-Kvichak","273236","7955796","571716","9559710","0","17515506",""
"332","07-18-2024","nushagak","Nushagak","115658","11519633","89625","6592695","0","18112328",""
"333","07-18-2024","togiak","Togiak","22285","226352","12006","106128","0","332480",""
"334","07-21-2024","ugashik","Ugashik","71074","4164573","32022","1670754","0","5835327",""
"335","07-21-2024","egegik","Egegik","95687","4940864","1356","1109406","0","6050270",""
"336","07-21-2024","naknek","Naknek-Kvichak","156907","8647951","25560","9757176","0","18405127",""
"337","07-21-2024","nushagak","Nushagak","59061","11747901","32552","6723626","0","18471527",""
"338","07-21-2024","togiak","Togiak","12136","278176","9492","138132","0","416308",""
"339","07-22-2024","ugashik","Ugashik","42088","4206661","32262","1703016","0","5909677",""
"340","07-22-2024","egegik","Egegik","75156","5016020","2100","1111506","0","6127526",""
"341","07-22-2024","naknek","Naknek-Kvichak","218033","8865984","29988","9787164","0","18653148",""
"342","07-22-2024","nushagak","Nushagak","31697","11779598","32157","6755783","0","18535381",""
"343","07-22-2024","togiak","Togiak","17310","295486","14070","152202","0","447688",""
"344","07-23-2024","ugashik","Ugashik","25781","4232442","25062","1728078","0","5960520",""
"345","07-23-2024","egegik","Egegik","79353","5095373","942","1112448","0","6207821",""
"346","07-23-2024","naknek","Naknek-Kvichak","178307","9044291","39318","9826482","0","18870773",""
"347","07-23-2024","nushagak","Nushagak","27338","11806936","10731","6766514","0","18573450",""
"348","07-23-2024","togiak","Togiak","26881","322367","16032","168234","0","490601",""
"349","07-24-2024","ugashik","Ugashik","14969","4247411","21462","1749540","0","5996951",""
"350","07-24-2024","egegik","Egegik","58294","5153667","1560","1114008","0","6267675",""
"351","07-24-2024","naknek","Naknek-Kvichak","62611","9106902","52524","9879006","0","18985908",""
"352","07-24-2024","nushagak","Nushagak","15124","11822060","12301","6778815","0","18600875",""
"353","07-24-2024","togiak","Togiak","18907","341274","20088","188322","0","529596",""
"354","07-25-2024","ugashik","Ugashik","11534","4258945","10236","1759776","0","6018721",""
"355","07-25-2024","egegik","Egegik","19860","5173527","0","1114008","0","6287535",""
"356","07-25-2024","naknek","Naknek-Kvichak","27311","9134213","37380","9916386","0","19050599",""
"357","07-25-2024","nushagak","Nushagak","10362","11832422","9417","6788232","0","18620654",""
"358","07-25-2024","togiak","Togiak","11779","353053","19308","207630","0","560683",""
"359","06-16-2025","ugashik","Ugashik","9135","9135","0","0","0","9135",""
"360","06-16-2025","egegik","Egegik","38129","57163","0","0","0","57163",""
"361","06-16-2025","naknek","Naknek-Kvichak","5280","5341","0","0","0","5341",""
"362","06-16-2025","nushagak","Nushagak","6378","8528","87299","185982","0","194510",""
"363","06-16-2025","togiak","Togiak","13","13","0","0","0","13",""
"364","06-17-2025","ugashik","Ugashik","22881","32016","0","0","0","32016",""
"365","06-17-2025","egegik","Egegik","64272","121435","1644","1644","0","123079",""
"366","06-17-2025","naknek","Naknek-Kvichak","9201","14542","0","0","0","14542",""
"367","06-17-2025","nushagak","Nushagak","3384","11912","123098","309080","0","320992",""
"368","06-17-2025","togiak","Togiak","386","399","0","0","0","399",""
"369","06-18-2025","ugashik","Ugashik","37047","69063","0","0","0","69063",""
"370","06-18-2025","egegik","Egegik","12552","133987","4962","6606","0","140593",""
"371","06-18-2025","naknek","Naknek-Kvichak","13011","27553","66","66","0","27619",""
"372","06-18-2025","nushagak","Nushagak","3353","15265","84228","393308","0","408573",""
"373","06-18-2025","togiak","Togiak","404","803","0","0","0","803",""
"374","06-19-2025","ugashik","Ugashik","25246","94309","0","0","0","94309",""
"375","06-19-2025","egegik","Egegik","49464","183451","31176","37782","0","221233",""
"376","06-19-2025","naknek","Naknek-Kvichak","6893","34446","1950","2016","0","36462",""
"377","06-19-2025","nushagak","Nushagak","4337","19602","92307","485615","0","505217",""
"378","06-19-2025","togiak","Togiak","984","1787","0","0","0","1787",""
"379","06-20-2025","ugashik","Ugashik","31892","126201","0","0","0","126201",""
"380","06-20-2025","egegik","Egegik","0","183451","16392","54174","0","237625",""
"381","06-20-2025","naknek","Naknek-Kvichak","2234","36680","858","2874","0","39554",""
"382","06-20-2025","nushagak","Nushagak","5775","25377","85237","570852","0","596229",""
"383","06-20-2025","togiak","Togiak","0","1787","0","0","0","1787",""
"384","06-21-2025","ugashik","Ugashik","0","126201","0","0","0","126201",""
"385","06-21-2025","egegik","Egegik","0","183451","22728","76902","50000","310353",""
"386","06-21-2025","naknek","Naknek-Kvichak","0","36680","1032","3906","0","40586",""
"387","06-21-2025","nushagak","Nushagak","10720","36097","493733","1064585","0","1100682",""
"388","06-21-2025","togiak","Togiak","0","1787","0","0","0","1787",""
"389","06-22-2025","ugashik","Ugashik","0","126201","0","0","0","126201",""
"390","06-22-2025","egegik","Egegik","47321","230772","33012","109914","40000","380686",""
"391","06-22-2025","naknek","Naknek-Kvichak","0","36680","7494","11400","0","48080",""
"392","06-22-2025","nushagak","Nushagak","300077","336174","786434","1851019","0","2187193",""
"393","06-22-2025","togiak","Togiak","0","1787","0","0","0","1787",""
"394","06-23-2025","ugashik","Ugashik","160759","286960","0","0","0","286960",""
"395","06-23-2025","egegik","Egegik","44865","275637","8700","118614","25000","419251",""
"396","06-23-2025","naknek","Naknek-Kvichak","0","36680","47796","59196","0","95876",""
"397","06-23-2025","nushagak","Nushagak","344189","680363","434227","2285246","0","2965609",""
"398","06-23-2025","togiak","Togiak","2498","4285","0","0","0","4285",""
"399","06-24-2025","ugashik","Ugashik","171252","458212","0","0","0","458212",""
"400","06-24-2025","egegik","Egegik","93163","368800","7746","126360","30000","525160",""
"401","06-24-2025","naknek","Naknek-Kvichak","0","36680","18870","78066","0","114746",""
"402","06-24-2025","nushagak","Nushagak","619565","1299928","218173","2503419","0","3803347",""
"403","06-24-2025","togiak","Togiak","1927","6212","0","0","0","6212",""
"404","06-25-2025","ugashik","Ugashik","116758","574970","0","0","0","574970",""
"405","06-25-2025","egegik","Egegik","114151","482951","9090","135450","80000","698401",""
"406","06-25-2025","naknek","Naknek-Kvichak","0","36680","18420","96486","10000","143166",""
"407","06-25-2025","nushagak","Nushagak","1225306","2525234","214690","2718109","0","5243343",""
"408","06-25-2025","togiak","Togiak","2654","8866","0","0","0","8866",""
"409","06-26-2025","ugashik","Ugashik","0","574970","0","0","0","574970",""
"410","06-26-2025","egegik","Egegik","256939","739890","18498","153948","100000","993838",""
"411","06-26-2025","naknek","Naknek-Kvichak","276947","313627","20874","117360","30000","460987",""
"412","06-26-2025","nushagak","Nushagak","407731","2932965","340471","3058580","0","5991545",""
"413","06-26-2025","togiak","Togiak","3611","12477","0","0","0","12477",""
"414","06-27-2025","ugashik","Ugashik","0","574970","5460","5460","0","580430",""
"415","06-27-2025","egegik","Egegik","336239","1076129","59616","213564","120000","1409693",""
"416","06-27-2025","naknek","Naknek-Kvichak","178070","491697","47304","164664","30000","686361",""
"417","06-27-2025","nushagak","Nushagak","697682","3630647","324094","3382674","0","7013321",""
"418","06-27-2025","togiak","Togiak","1761","14238","0","0","0","14238",""
"419","06-28-2025","ugashik","Ugashik","287537","862507","11064","16524","0","879031",""
"420","06-28-2025","egegik","Egegik","319347","1395476","95220","308784","100000","1804260",""
"421","06-28-2025","naknek","Naknek-Kvichak","403588","895285","24738","189402","100000","1184687",""
"422","06-28-2025","nushagak","Nushagak","807234","4437881","143572","3526246","0","7964127",""
"423","06-28-2025","togiak","Togiak","161","14399","0","0","0","14399",""
"424","06-29-2025","ugashik","Ugashik","191908","1054415","17238","33762","50000","1138177",""
"425","06-29-2025","egegik","Egegik","393773","1789249","69846","378630","80000","2247879",""
"426","06-29-2025","naknek","Naknek-Kvichak","360594","1255879","40314","229716","500000","1985595",""
"427","06-29-2025","nushagak","Nushagak","1481017","5918898","111827","3638073","0","9556971",""
"428","06-29-2025","togiak","Togiak","0","14399","0","0","0","14399",""
"429","06-30-2025","ugashik","Ugashik","153932","1208347","22956","56718","80000","1345065",""
"430","06-30-2025","egegik","Egegik","601285","2390534","75300","453930","120000","2964464",""
"431","06-30-2025","naknek","Naknek-Kvichak","625777","1881656","339192","568908","1200000","3650564",""
"432","06-30-2025","nushagak","Nushagak","987853","6906751","142293","3780366","0","10687117",""
"433","06-30-2025","togiak","Togiak","2756","17155","0","0","0","17155",""
"434","07-01-2025","ugashik","Ugashik","127346","1335693","6894","63612","80000","1479305",""
"435","07-01-2025","egegik","Egegik","340114","2730648","92898","546828","100000","3377476",""
"436","07-01-2025","naknek","Naknek-Kvichak","467932","2349588","557880","1126788","1200000","4676376",""
"437","07-01-2025","nushagak","Nushagak","1258306","8165057","241983","4022349","0","12187406",""
"438","07-01-2025","togiak","Togiak","11975","29130","0","0","0","29130",""
"439","07-02-2025","ugashik","Ugashik","185090","1520783","36462","100074","100000","1720857",""
"440","07-02-2025","egegik","Egegik","401257","3131905","108348","655176","50000","3837081",""
"441","07-02-2025","naknek","Naknek-Kvichak","529931","2879519","661722","1788510","1000000","5668029",""
"442","07-02-2025","nushagak","Nushagak","922966","9088023","221637","4243986","0","13332009",""
"443","07-02-2025","togiak","Togiak","18056","47186","0","0","0","47186",""
"444","07-03-2025","ugashik","Ugashik","231863","1752646","40932","141006","100000","1993652",""
"445","07-03-2025","egegik","Egegik","434384","3566289","57564","712740","100000","4379029",""
"446","07-03-2025","naknek","Naknek-Kvichak","418831","3298350","722214","2510724","800000","6609074",""
"447","07-03-2025","nushagak","Nushagak","407877","9495900","280564","4524550","0","14020450",""
"448","07-03-2025","togiak","Togiak","12030","59216","0","0","0","59216",""
"449","07-04-2025","ugashik","Ugashik","243124","1995770","27900","168906","100000","2264676",""
"450","07-04-2025","egegik","Egegik","340751","3907040","73002","785742","150000","4842782",""
"451","07-04-2025","naknek","Naknek-Kvichak","621419","3919769","606210","3116934","400000","7436703",""
"452","07-04-2025","nushagak","Nushagak","870842","10366742","209417","4733967","0","15100709",""
"453","07-04-2025","togiak","Togiak","6737","65953","0","0","0","65953",""
"454","07-05-2025","ugashik","Ugashik","291168","2286938","35514","204420","100000","2591358",""
"455","07-05-2025","egegik","Egegik","353043","4260083","49158","834900","100000","5194983",""
"456","07-05-2025","naknek","Naknek-Kvichak","918773","4838542","422094","3539028","800000","9177570",""
"457","07-05-2025","nushagak","Nushagak","971439","11338181","196509","4930476","0","16268657",""
"458","07-05-2025","togiak","Togiak","10149","76102","2904","2904","0","79006",""
"459","07-06-2025","ugashik","Ugashik","252489","2539427","44700","249120","200000","2988547",""
"460","07-06-2025","egegik","Egegik","290903","4550986","70800","905700","150000","5606686",""
"461","07-06-2025","naknek","Naknek-Kvichak","426749","5265291","233148","3772176","500000","9537467",""
"462","07-06-2025","nushagak","Nushagak","502309","11840490","227939","5158415","0","16998905",""
"463","07-06-2025","togiak","Togiak","7542","83644","3792","6696","0","90340",""
"464","07-07-2025","ugashik","Ugashik","321914","2861341","46260","295380","300000","3456721",""
"465","07-07-2025","egegik","Egegik","391330","4942316","136536","1042236","100000","6084552",""
"466","07-07-2025","naknek","Naknek-Kvichak","1163921","6429212","321516","4093692","400000","10922904",""
"467","07-07-2025","nushagak","Nushagak","630817","12471307","203004","5361419","0","17832726",""
"468","07-07-2025","togiak","Togiak","17386","101030","6546","13242","0","114272",""
"469","07-08-2025","ugashik","Ugashik","285454","3146795","158670","454050","500000","4100845",""
"470","07-08-2025","egegik","Egegik","379216","5321532","110562","1152798","100000","6574330",""
"471","07-08-2025","naknek","Naknek-Kvichak","1018798","7448010","297132","4390824","800000","12638834",""
"472","07-08-2025","nushagak","Nushagak","928883","13400190","210489","5571908","0","18972098",""
"473","07-08-2025","togiak","Togiak","25507","126537","3312","16554","0","143091",""
"474","07-09-2025","ugashik","Ugashik","233908","3380703","105336","559386","450000","4390089",""
"475","07-09-2025","egegik","Egegik","305796","5627328","50232","1203030","50000","6880358",""
"476","07-09-2025","naknek","Naknek-Kvichak","715718","8163728","347622","4738446","400000","13302174",""
"477","07-09-2025","nushagak","Nushagak","737872","14138062","252153","5824061","0","19962123",""
"478","07-09-2025","togiak","Togiak","24459","150996","4758","21312","0","172308",""
"479","07-10-2025","ugashik","Ugashik","196330","3577033","113874","673260","500000","4750293",""
"480","07-10-2025","egegik","Egegik","274803","5902131","36060","1239090","0","7141221",""
"481","07-10-2025","naknek","Naknek-Kvichak","335675","8499403","295776","5034222","300000","13833625",""
"482","07-10-2025","nushagak","Nushagak","339736","14477798","144375","5968436","0","20446234",""
"483","07-10-2025","togiak","Togiak","18534","169530","7530","28842","0","198372",""
"484","07-11-2025","ugashik","Ugashik","313092","3890125","54564","727824","200000","4817949",""
"485","07-11-2025","egegik","Egegik","290231","6192362","20880","1259970","0","7452332",""
"486","07-11-2025","naknek","Naknek-Kvichak","585607","9085010","236808","5271030","250000","14606040",""
"487","07-11-2025","nushagak","Nushagak","264680","14742478","129100","6097536","0","20840014",""
"488","07-11-2025","togiak","Togiak","18425","187955","7314","36156","0","224111",""
"489","07-12-2025","ugashik","Ugashik","199061","4089186","63666","791490","150000","5030676",""
"490","07-12-2025","egegik","Egegik","204774","6397136","29592","1289562","0","7686698",""
"491","07-12-2025","naknek","Naknek-Kvichak","667641","9752651","165114","5436144","200000","15388795",""
"492","07-12-2025","nushagak","Nushagak","303775","15046253","87983","6185519","0","21231772",""
"493","07-12-2025","togiak","Togiak","15216","203171","5814","41970","0","245141",""
"494","07-13-2025","ugashik","Ugashik","129176","4218362","35154","826644","120000","5165006",""
"495","07-13-2025","egegik","Egegik","177680","6574816","11730","1301292","0","7876108",""
"496","07-13-2025","naknek","Naknek-Kvichak","418123","10170774","128244","5564388","100000","15835162",""
"497","07-13-2025","nushagak","Nushagak","271827","15318080","60860","6246379","0","21564459",""
"498","07-13-2025","togiak","Togiak","15059","218230","7872","49842","0","268072",""
"499","07-14-2025","ugashik","Ugashik","146893","4365255","29268","855912","100000","5321167",""
"500","07-14-2025","egegik","Egegik","174944","6749760","17430","1318722","0","8068482",""
"501","07-14-2025","naknek","Naknek-Kvichak","460231","10631005","114420","5678808","80000","16389813",""
"502","07-14-2025","nushagak","Nushagak","213994","15532074","58432","6304811","0","21836885",""
"503","07-14-2025","togiak","Togiak","23042","241272","10428","60270","0","301542",""
"504","07-15-2025","ugashik","Ugashik","129118","4494373","28770","884682","80000","5459055",""
"505","07-15-2025","egegik","Egegik","108318","6858078","28722","1347444","0","8205522",""
"506","07-15-2025","naknek","Naknek-Kvichak","173571","10804576","78126","5756934","60000","16621510",""
"507","07-15-2025","nushagak","Nushagak","167453","15699527","45152","6349963","0","22049490",""
"508","07-15-2025","togiak","Togiak","20517","261789","7668","67938","0","329727",""
"509","07-16-2025","ugashik","Ugashik","78648","4573021","24420","909102","40000","5522123",""
"510","07-16-2025","egegik","Egegik","81416","6939494","10842","1358286","0","8297780",""
"511","07-16-2025","naknek","Naknek-Kvichak","66277","10870853","64020","5820954","0","16691807",""
"512","07-16-2025","nushagak","Nushagak","99997","15799524","31249","6381212","0","22180736",""
"513","07-16-2025","togiak","Togiak","16826","278615","8334","76272","0","354887",""
"514","07-17-2025","ugashik","Ugashik","59419","4632440","17916","927018","0","5559458",""
"515","07-17-2025","egegik","Egegik","96041","7035535","8334","1366620","0","8402155",""
"516","07-17-2025","naknek","Naknek-Kvichak","356819","11227672","71784","5892738","0","17120410",""
"517","07-17-2025","nushagak","Nushagak","88079","15887603","28530","6409742","0","22297345",""
"518","07-17-2025","togiak","Togiak","17019","295634","8160","84432","0","380066",""
"519","07-20-2025","ugashik","Ugashik","11269","4782662","7644","961062","0","5743724",""
"520","07-20-2025","egegik","Egegik","18775","7218551","2748","1375464","0","8594015",""
"521","07-20-2025","naknek","Naknek-Kvichak","72932","11438105","14052","6019416","0","17457521",""
"522","07-20-2025","nushagak","Nushagak","34344","16034545","19840","6485462","0","22520007",""
"523","07-20-2025","togiak","Togiak","2958","331848","9174","109254","0","441102",""
"524","07-22-2025","ugashik","Ugashik","48059","4885235","9150","979632","0","5864867",""
"525","07-22-2025","egegik","Egegik","53870","7350006","4152","1381062","0","8731068",""
"526","07-22-2025","naknek","Naknek-Kvichak","61110","11627141","52332","6086004","0","17713145",""
"527","07-22-2025","nushagak","Nushagak","18897","16072844","24723","6534093","0","22606937",""
"528","07-22-2025","togiak","Togiak","15697","359744","10368","128244","0","487988",""
"529","07-24-2025","ugashik","Ugashik","17505","4929964","10992","1000518","0","5930482",""
"530","07-24-2025","egegik","Egegik","37197","7435160","0","1382106","0","8817266",""
"531","07-24-2025","naknek","Naknek-Kvichak","26359","11707772","11202","6137772","0","17845544",""
"532","07-24-2025","nushagak","Nushagak","7278","16086498","13245","6563008","0","22649506",""
"533","07-24-2025","togiak","Togiak","23362","403311","16776","161196","0","564507",""
"534","07-12-2023","ugashik","Ugashik","0","741260","110418","258440","200000","1199700",""
"535","07-12-2023","egegik","Egegik","216610","7701259","52854","873300","0","8574559",""
"536","07-12-2023","naknek","Naknek-Kvichak","153938","6482977","543684","3436212","800000","10719189",""
"537","07-12-2023","nushagak","Nushagak","99640","9534815","179859","4357463","0","13892278",""
"538","07-12-2023","togiak","Togiak","11897","88156","4818","37944","0","126100",""
